﻿词语,频率
傲慢无礼,1
艰难险阻,1
不遗余力,3
女性朋友,4
按部就班,3
严丝合缝,1
任人宰割,1
重男轻女,7
阿猫阿狗,1
身心俱疲,1
本该如此,1
一面镜子,4
独生子女,2
互相理解,2
种族灭绝,1
分配资源,1
日常生活,21
积极支持,1
共同努力,1
改变现状,3
忍无可忍,1
性别歧视,21
生存竞争,1
一百多页,1
不如说是,13
平铺直叙,6
发展前景,1
平等待遇,1
不痛不痒,4
感同身受,35
根深蒂固,5
随之而来,4
绝大多数,9
理所应当,8
既得利益者,11
Flee,2
bird,3
your,4
mountain,3
摸爬滚打,2
自学能力,1
反反复复,4
生存主义,1
听天由命,1
转危为安,1
广告效应,1
从始至终,3
2019169,1
educated,4
少之又少,4
乏善可陈,4
亲密关系,9
气死我了,2
一段时间,9
100%,2
....,12
离经叛道,3
一刀两断,1
家庭环境,1
难以想象,10
值得一看,7
自我教育,6
显而易见,3
神来之笔,4
Educated,2
不能平静,1
令人震惊,2
博士学位,4
轻描淡写,5
付出代价,1
泪流满面,4
拍手叫好,1
形形色色,8
许许多多,8
时时刻刻,5
迫不及待,7
出乎意料,5
经常出现,1
2012,4
丰富多彩,2
苏格兰人,2
网络平台,2
loop,1
kindle,6
赤子之心,3
英文原版,2
post,1
office,1
back,2
room,1
莫名其妙,10
诸如此类,1
不胜枚举,2
193rd,1
千姿百态,1
妙趣横生,3
岌岌可危,1
惺惺相惜,2
心知肚明,1
贼不走空,1
拳交之道,1
絮絮叨叨,9
哈哈哈哈,10
身体状况,2
好不容易,7
的的确确,1
从头到尾,11
浅显易懂,3
理所当然,10
客观存在,3
相比之下,7
情真意切,2
无病呻吟,4
神魂颠倒,1
声情并茂,1
source,1
time,3
sister,1
sleep,1
which,3
totally,2
confused,1
last,1
words,1
信手拈来,2
好久好久,1
人文学科,3
经验主义,1
亚里士多德,5
奥古斯丁,1
量子力学,13
二十世纪,7
一知半解,4
字里行间,20
那篇卡洛,1
1976,1
好久不见,1
PulpOrange,1
不吃不喝,1
陷入困境,1
颠倒众生,1
OPUS,11
1995,4
高开低走,1
根本无法,3
蝴蝶效应,1
自我意识,7
不可一世,1
有生之年,3
当永井大,1
何时何地,5
不可抗力,1
心灵感应,1
史无前例,1
东拉西扯,3
一气呵成,5
意想不到,7
九十年代,4
resonance,1
opus,2
四维空间,1
充满希望,4
事到如今,1
一千零一夜,15
大同小异,2
似曾相识,3
贝拉斯克斯,7
第三十八,1
不可多得,1
外国文学,5
卡尔维诺,14
奉为圭臬,2
坎特伯雷,2
实实在在,11
现代主义,3
游刃有余,3
峰回路转,4
峰峦叠嶂,1
伊斯兰教,1
又臭又长,6
飞鸿踏雪,1
合情合理,3
令人神往,1
1400,1
2020,10
1797,1
接二连三,1
萨拉戈萨,6
不知所云,6
无休无止,2
无穷无尽,8
贯彻始终,1
与生俱来,2
活色生香,1
心灵鸡汤,3
沉郁顿挫,1
川岛芳子,4
故弄玄虚,15
浮光掠影,6
千夫所指,1
上吊自杀,1
杂七杂八,1
杀人放火,1
救死扶伤,2
造化弄人,2
茅盾文学奖,2
2019,5
面若静湖,1
堆积起来,1
挥之不去,3
故事情节,7
浑然一体,1
老生常谈,6
男同性恋,1
文化大革命,1
周围环境,1
家长里短,3
解放出来,4
遣词造句,5
装腔作势,3
百科全书,2
dome,4
call,2
DOME,1
手不释卷,2
博尔赫斯,28
相提并论,7
不太可能,1
不知所谓,1
比较文学,1
神秘主义,14
不同寻常,2
渐入佳境,4
举重若轻,8
保持平衡,2
上帝保佑,2
百思不得其解,1
189th,1
在结构上,4
毫无疑问,5
环环相扣,2
牵一发而动全身,2
余味无穷,1
经典作品,2
值得称赞,2
引人入胜,17
Dome,1
文学理论,4
文学遗产,1
古典文学,2
少见多怪,1
1950,1
列宁格勒,1
秋雨绵绵,1
短篇小说,38
相似之处,3
一模一样,5
在我心中,1
始终认为,1
十万八千里,1
有迹可循,2
审美疲劳,5
人道主义,1
秘不示人,1
望洋兴叹,1
奇思妙想,4
马尔克斯,7
等等等等,1
自导自演,1
无可救药,3
细致入微,5
停不下来,12
性情中人,1
确定无疑,1
作者简介,1
工人阶级,17
知识分子,39
拍手称快,2
阶级分析,1
社会学家,4
家庭出身,2
种族主义,2
现实主义,11
悲惨世界,2
感谢上帝,1
劳苦大众,2
保守主义,2
脱离现实,3
严格说来,1
自我陶醉,2
社会秩序,4
通俗歌曲,1
一发不可收,1
深刻反思,1
正因如此,3
所作所为,3
寥寥无几,2
高人一等,2
毫不留情,4
若有所思,2
社会阶层,7
兴奋不已,1
至关重要,2
一鼓作气,1
容易接受,3
意识形态,20
文学作品,20
温情脉脉,1
耐人寻味,3
深有体会,2
政治气候,1
毛骨悚然,5
发自内心,1
苟延残喘,2
支离破碎,6
大雪纷飞,7
起承转合,3
文学创作,5
仅此而已,5
筋疲力尽,1
千疮百孔,2
然後延續,1
令人窒息,4
不相上下,1
力透纸背,1
难以忘怀,1
1985,2
色彩鲜明,1
1983,1
1988,1
短小精悍,2
二十多岁,3
青年时代,3
社会制度,1
逐字逐句,3
随物赋形,2
周边环境,1
兴之所至,2
娱乐节目,1
海德格尔,17
智力活动,1
社会变革,3
深入浅出,19
基本概念,3
存在主义,5
八十年代,9
不确定性,13
一以贯之,2
高山流水,1
绵绵不绝,1
凑在一起,1
实用主义,1
相对主义,5
无所不在,1
压倒一切,1
感慨万端,1
热情洋溢,2
三十多年,1
many,4
自由主义,22
沉得住气,4
风行水上,1
来路不明,1
刨根问底,1
恋恋不舍,2
阿拉木图,6
走马观花,3
吃喝玩乐,2
到此一游,1
巨细靡遗,1
枯燥乏味,3
浮皮潦草,4
annoying,1
蛮有意思,3
中亚国家,3
毫不掩饰,2
蜻蜓点水,5
自以为是,13
浅尝辄止,2
历史学者,2
自我感觉,1
privilege,2
交相辉映,1
先入为主,4
四分五裂,5
索然无味,5
模糊不清,1
一个三十多岁,1
居高临下,5
萝卜快了不洗泥,1
种种原因,2
中亚地区,1
并不知道,1
目不暇接,1
无伤大雅,1
不知所措,3
笔力扛鼎,1
电影剧本,2
大相径庭,4
恕我直言,2
毫无意义,7
别出心裁,6
无可奈何,6
哑然失笑,1
近在咫尺,2
旁征博引,2
跋山涉水,1
铺天盖地,3
一针见血,11
行为艺术,1
极权主义,4
一点一点,3
恰如其分,3
万事万物,1
人文主义,10
江湖术士,1
装神弄鬼,2
胡说八道,5
毫无根据,1
暴露无遗,2
人文精神,1
科学技术,2
风云变幻,3
令人咋舌,1
立场态度,1
菲茨杰拉德,1
吹毛求疵,1
按图索骥,3
越多越好,1
漫无目的,1
非常适合,4
封面设计,2
寓意深长,1
古灵精怪,1
意犹未尽,6
一读再读,2
科塔萨尔,2
发人深省,1
彼此之间,1
人与自然,6
令人信服,5
挖空心思,1
更胜一筹,1
非常明显,1
民间故事,1
某种意义,4
色彩缤纷,1
说不出来,1
昏昏欲睡,5
个人感觉,4
非同一般,2
PEG9,1
认知障碍,1
迄今为止,4
舞台灯光,1
文学青年,1
尤内斯库,1
Ishiguro,1
欲罢不能,8
恰好相反,2
只言片语,5
独一无二,4
飞蛾扑火,1
秘密行动,1
满怀希望,3
利他主义,3
保留意见,2
言不由衷,1
哈姆雷特,2
置身事外,3
第一人称,4
三分之二,5
三分之一,10
彻头彻尾,3
技术理性,1
各自为战,1
小心翼翼,3
人工智能,17
所言非虚,1
各有所长,1
推理小说,21
有朝一日,6
当之无愧,3
字字珠玑,2
漏洞百出,3
水落石出,3
急剧下降,1
无以伦比,2
不怎么样,2
不敢恭维,3
误打误撞,2
神乎其技,1
hhhhhh,1
毫无关系,3
文不对题,3
饮食习惯,1
贵重物品,1
打定主意,1
通话记录,1
福泽谕吉,1
猝不及防,1
看不出来,2
各色人等,1
自圆其说,5
白白浪费,1
名声在外,1
鸡皮疙瘩,2
各有特点,1
出人意表,1
从零开始,18
女性主义,218
妇女解放,4
振聋发聩,15
蓦然回首,1
绝大部分,3
方方面面,7
女权主义者,23
资本主义,76
平易近人,6
女权主义,19
亲子关系,2
现实生活,12
豁然开朗,4
父子关系,1
点头称是,1
毅然决然,2
半个世纪,3
卷土重来,1
深入人心,4
文不加点,1
12pm,1
12am,1
确确实实,2
从头再来,1
表达能力,2
普及读物,1
内在联系,1
中国政府,6
条理清晰,5
不足之处,1
隔岸观火,2
实际操作,2
生命危险,1
述而不作,1
新兴产业,1
雄心壮志,1
热点问题,1
经验总结,1
市场经济,3
警钟长鸣,1
信息安全,2
不堪一击,3
问题所在,1
冷嘲热讽,1
中国国情,1
投资决策,1
含糊其辞,2
Beep,1
Buzz,1
case,4
五六十年,3
时间跨度,5
1912,3
天崩地裂,2
风起云涌,2
改革开放,4
经济学家,2
专业训练,1
自下而上,3
产业政策,2
background,1
源源不断,1
贫富差距,4
学术著作,2
针砭时弊,1
粉饰太平,1
公共服务,3
通俗易懂,13
无声无息,1
苏州工业园区,1
心理咨询,34
无时无刻,2
tips,1
top3,2
Kindle,3
高高在上,11
娓娓道来,13
山穷水尽,1
曲径通幽,2
心理治疗,3
massage,1
二分之一,1
看不下去,16
谢天谢地,1
更深一层,1
精神文明,1
哈贝马斯,5
MOOC,1
错综复杂,4
简明扼要,4
前赴后继,2
光彩熠熠,1
2021,17
醍醐灌顶,8
写写画画,1
专业人士,2
参考书目,1
玄之又玄,2
弗洛伊德,6
马尔库塞,3
核心思想,2
思想体系,2
诘屈聱牙,2
完全同意,1
雅俗共赏,1
课堂教学,1
社会现状,4
来龙去脉,3
进进出出,2
百万富翁,2
结结实实,3
成千上万,1
七十年代,2
扑面而来,7
2008,2
顺理成章,2
心潮澎湃,5
重重叠叠,1
remarkable,1
悲观论调,1
分崩离析,7
2013,2
不露声色,1
毫不相干,1
三四十年,2
1978,4
三十五年,1
金融危机,4
民粹主义,2
清晰可见,3
与时俱进,2
理想主义者,1
形销骨立,1
都市生活,3
城镇化率,2
民国时期,3
江南地区,1
十几二十年,1
主要矛盾,2
QuestMobile,1
上市公司,1
言归正传,1
人性本善,1
登峰造极,1
长命百岁,1
才华横溢,4
江郎才尽,2
会心一笑,3
毫不相关,1
时隐时现,1
理想主义,10
现实意义,5
一蹶不振,1
沾沾自喜,4
虚情假意,2
可有可无,1
奇技淫巧,1
老气横秋,1
真没想到,2
当代作家,3
故事梗概,2
兵荒马乱,2
有何意义,2
芸芸众生,3
不免有些,1
漫不经心,4
惊为天人,2
旁逸斜出,3
意料之外,4
自成一家,1
与此相关,1
照单全收,1
21100,1
1023,4
比较突出,2
无计可施,2
望文生义,1
阳光明媚,1
2021073,1
酣畅淋漓,13
惊心动魄,5
不甚明朗,1
NO.1,2
53.5%,1
纪实文学,27
有血有肉,6
新闻媒体,4
无冕之王,2
2000,4
摄影记者,1
一个四十多岁,1
2001,2
一意孤行,1
不计后果,1
living,1
period,1
some,1
people,2
trying,1
very,3
hard,1
make,1
truth,2
irrelevant,2
无关紧要,2
二十一年,1
屡见不鲜,1
民事纠纷,1
恶性事件,1
大笔如椽,1
世界各地,2
心情沉重,1
心理疾病,1
无可挽回,1
色情行业,2
光天化日,1
置之不理,1
二零零一年,2
1999,6
蛛丝马迹,1
关键人物,1
不合时宜,5
激流勇进,1
阳光普照,1
隔靴搔痒,4
跟踪报道,2
行为规范,3
小惩大诫,1
犯罪集团,1
无所畏惧,1
不予置评,1
浪费时间,11
避重就轻,5
无法忍受,4
家庭主妇,2
分而治之,3
随心所欲,4
三天三夜,2
目前为止,2
以偏概全,3
流于形式,1
理论依据,1
难以名状,2
长久以来,6
放在首位,2
两性关系,1
20231121,1
佶屈聱牙,2
社会习俗,1
恍然大悟,12
个人经历,6
情感生活,1
川端康成,2
有理有据,3
义务教育,1
车轱辘话,2
别具一格,1
利己主义,3
上天入地,1
呼风唤雨,1
头破血流,1
反目为仇,1
环球旅行,1
保持警惕,3
难得一见,2
洋洋洒洒,2
封建时代,2
虚无主义,3
王谢堂前燕,1
寻常百姓,1
平心而论,1
心灵深处,1
认认真真,1
科普读物,14
零零散散,3
悲天悯人,3
共产主义,3
mansplaining,1
原地踏步,3
自由落体,3
人类文明,6
在此之前,2
人身安全,2
安安稳稳,1
不厌其烦,1
无罪释放,1
孜孜不倦,1
渡良濑川,1
交通不便,1
公家机关,1
肃然起敬,5
承认现实,1
一如既往,12
几十年如一日,2
口诛笔伐,1
公开场合,1
六十多岁,1
不难理解,1
解决问题,8
震撼人心,4
广泛传播,1
不能容忍,1
缺一不可,1
兼听则明,1
一家之言,1
不予理睬,1
两者之间,2
深不可测,1
不可避免,4
2016,2
逍遥法外,5
刨根究底,1
紧追不舍,1
调查结果,1
恰到好处,11
真情流露,1
草台班子,2
鼓舞人心,2
一时之间,1
迷迷蒙蒙,1
人情世故,1
不留情面,3
令人惊叹,4
津津有味,4
毛毛细雨,1
波涛汹涌,2
席卷而来,1
千千万万个,3
感到恐惧,3
费尽心思,1
内心世界,2
心甘情愿,2
不切实际,1
lili,19
越来越少,2
lily,9
刑满释放,1
并无不可,1
Lily,3
分太高拉,1
乐于助人,1
传统意义,4
为数不多,2
由始至终,1
自欺欺人,3
自取其辱,1
哑口无言,1
恨铁不成钢,1
八十多岁,1
表达出来,3
令人感动,6
广阔无垠,1
永远都是,4
不识大体,1
空间设计,1
人口数量,1
城市规划,1
统计数据,2
性别差异,4
习以为常,9
真不愧是,2
可不可以,2
切身感受,1
强烈推荐,6
触目惊心,4
固执己见,2
发现自己,15
提供数据,1
在世界上,3
比例失调,1
资源分配,1
颠沛流离,3
斯特罗姆,2
轰轰烈烈,4
孤立无援,2
如临大敌,1
大梦初醒,1
社交能力,1
难以承受,1
那就是说,1
理论知识,2
追求进步,2
弱势群体,9
等级制度,1
匪夷所思,4
发达国家,3
生存环境,7
大可不必,4
写来写去,1
这么回事,3
指导意义,2
精力有限,2
不同之处,2
entitlement,1
self,1
righteousness,1
在生活中,6
随处可见,7
认真思考,1
某种程度,9
点到为止,5
高度重视,1
义嘉之乱,1
权力斗争,1
琐琐碎碎,1
风土民情,1
管中窥豹,3
见微知著,2
权欲熏心,1
不可理喻,5
寥寥数语,1
权力巅峰,2
福不盈眦,1
惊鸿一瞥,1
大厦将倾,1
时代背景,7
闭上眼睛,3
历史事实,1
细枝末节,2
一心一意,1
标准答案,1
哭笑不得,2
林林总总,2
摇头晃脑,1
令人遗憾,2
尘埃落定,1
解决方案,3
人类史上,1
梦幻泡影,2
作如是观,1
物理学家,8
深刻理解,1
含混不清,1
擦肩而过,4
体力劳动,5
社会工作,1
新闻报道,1
众人皆醉,1
自命不凡,1
声势浩大,1
忍气吞声,2
阅读写作,1
精神力量,1
人生态度,3
仅仅只是,2
自暴自弃,2
偶发事件,1
普普通通,6
情感故事,1
身不由己,3
为虎作伥,1
藕断丝连,1
理直气壮,3
或有或无,1
moment,1
1919,1
1949,2
名不副实,1
西南联大,10
继续下去,1
值得纪念,2
一百多岁,2
思想境界,2
中国银行,1
教会学校,1
王鼎钧生,1
尔虞我诈,2
一家之主,1
零零碎碎,3
事无巨细,4
随遇而安,1
泛泛之谈,1
茶余饭后,2
相比而言,1
一言难尽,3
天真烂漫,1
没心没肺,1
未婚先孕,2
老大不小,1
20230523,1
不谙世事,3
抗战时期,3
利用自身,1
巧言令色,11
堂而皇之,1
故技重施,1
坦坦荡荡,2
未成年人,15
无与伦比,3
不得好死,1
文学艺术,1
家庭教育,5
1977,1
矫枉过正,3
时至今日,3
字字句句,1
切肤之痛,1
对等关系,1
发出声音,5
安度晚年,1
马茨涅夫,1
自由恋爱,1
涉世未深,2
步履维艰,1
牵着鼻子,2
上流社会,1
六七十年代,1
垂垂老矣,1
面目可憎,1
人生朝露,18
北京地铁,1
2009,3
这些年来,2
满满当当,3
心路历程,3
鞠躬尽瘁,1
身体力行,2
回归自然,1
弥留之际,2
大贯妙子,3
一切都是,4
动态平衡,1
回想起来,3
2023,9
more,3
trees,2
与其说是,13
社会活动家,1
社会活动,5
退一步说,1
公益事业,2
Merry,3
Christmas,3
Lawrenicea,1
民族主义,17
支持系统,2
承上启下,1
困难重重,1
简简单单,2
一再强调,1
平等竞争,1
辨别方向,1
家庭暴力,2
学术思想,1
完全一致,1
视若无睹,1
恶性竞争,1
洞若观火,1
拨乱反正,2
拍案叫绝,6
思想道德,1
心平气和,4
果然如此,1
基础知识,1
莎士比亚,4
无产阶级,27
封建主义,2
原始积累,17
关键步骤,2
雇佣劳动,3
商品生产,2
共同完成,1
马克思主义,5
互为表里,1
历史渊源,1
封建社会,4
历史进程,2
统治阶级,5
五分之二,1
工业革命,1
团结起来,2
社会关系,5
重商主义,2
机械唯物主义,1
启蒙运动,1
优秀作品,1
历史学家,10
拉丁美洲,2
野心勃勃,2
生产工具,1
家务劳动,5
热血沸腾,2
1692,1
不敢苟同,1
社会科学,4
资产阶级,12
wegame,1
生产方式,1
忍俊不禁,4
可见一斑,3
生产资料,2
世界银行,1
阶级矛盾,2
漫长岁月,2
慷慨激昂,2
引人深思,7
无法自拔,3
曲高和寡,1
不堪重负,1
拍手叫绝,1
万钧之力,1
随身携带,2
失声痛哭,1
喜怒哀乐,1
文学语言,2
脍炙人口,2
雷雨交加,1
平白无故,1
风烛残年,1
口述出来,1
受益匪浅,5
reading,2
鸡毛蒜皮,2
独立思考,3
网络媒介,1
价值体系,4
still,1
板上钉钉,1
合在一起,1
环境保护,3
直接参与,1
知难而退,1
五分之一,2
letitgo,1
被采访者,1
升官发财,1
当今社会,1
鲁迅研究,1
断断续续,16
直抒胸臆,2
令人恶心,1
失物招领,1
满目疮痍,1
阿姆斯特丹,1
产自无所,1
名不虚传,1
南斯拉夫,18
2003,2
主权国家,1
异国他乡,3
语言表达,3
历史背景,12
从头到脚,4
从里到外,1
一无所知,4
说不清楚,1
如释重负,2
看金智英,1
心猿意马,1
doesn,1
不屑一顾,2
小红小芳,1
踏入社会,4
有意无意,3
心理准备,1
集中精力,1
产生共鸣,3
一丁点儿,1
Feminism,1
about,1
hate,1
really,2
believe,1
equality,1
feminist,1
三十几年,1
心理医生,2
表现手法,1
刻意追求,1
生存空间,3
Tara,2
无人问津,2
大难不死,2
品牌价值,1
真真切切,2
凄风冷雨,1
比尔盖茨,1
劫后余生,1
人生旅途,1
信奉异教,1
家庭成员,1
绝处逢生,1
不堪回首,1
吃一堑长一智,1
刻骨铭心,1
只字未提,1
在我看来,14
衡量标准,1
稀奇古怪,2
不感兴趣,2
聊胜于无,1
身临其境,1
网络系统,1
2014,1
2015,1
1936,1
真知灼见,1
Shaun,2
奇奇怪怪,4
大开眼界,4
衷心希望,1
唠唠叨叨,1
春宵苦短,1
相当可观,1
惨淡经营,1
不为所动,1
Bythell,1
重点中学,1
一干二净,1
慢慢悠悠,1
顺序排列,1
换汤不换药,3
经院哲学,1
temporalizes,1
itself,1
only,2
extent,1
that,2
human,1
万劫不复,2
如沐春风,1
赖以生存,2
引经据典,2
普鲁斯特,5
但和民科,1
似是而非,3
是非不分,1
颠倒黑白,1
爱因斯坦,5
实际效果,1
深有感触,1
相互作用,5
一大部分,1
经典之作,2
泽被后世,1
CREATORS,1
另一回事,2
善始善终,2
津津乐道,2
大友克洋,1
layout,1
name,1
死不承认,1
造梦之路,1
中规中矩,4
一不留神,2
值得尊敬,1
重要一环,1
始终保持,2
传奇人物,2
欧亚大陆,1
十八世纪,2
十九世纪,2
巴尔扎克,1
四十出头,1
不敢相信,2
八九十岁,1
吉光片羽,2
最高级别,1
浪漫主义,2
长篇小说,7
汪洋恣肆,1
几何学家,5
2020032,1
吉普赛人,5
千奇百怪,1
40th,1
急转直下,1
令人厌恶,2
nerd,2
乱七八糟,4
百转千回,2
各路人马,1
南柯一梦,1
男欢女爱,1
死缠烂打,2
天下无敌,1
不寒而栗,4
自行其是,1
雪山飞狐,1
神雕侠侣,1
跌宕起伏,6
英雄主义,10
人物形象,7
热爱生活,3
语焉不详,3
走南闯北,1
手到擒来,2
粗言秽语,1
巴塞罗那,1
差强人意,5
闪闪发光,1
土耳其人,1
得心应手,1
刚刚开始,1
为时过早,1
1940,1
罗马帝国,2
一千多年,1
表现形式,2
frame,1
narrative,1
叹为观止,1
2020.3,1
人类学家,1
故作高深,2
目眩神迷,3
硝烟弥漫,1
布达佩斯,1
内心深处,3
鉴赏能力,1
磕磕绊绊,5
flow,1
天马行空,8
一般来说,2
10.26,1
anyway,2
.....,3
干干净净,3
布尔加科夫,1
人云亦云,1
难以置信,3
甚嚣尘上,1
思考问题,2
自我剖析,13
稀里糊涂,1
远远不够,2
神清气爽,2
满怀激情,2
过犹不及,1
激动不已,2
遥相呼应,1
截然不同,5
默不作声,1
令人作呕,3
Nanette,1
后知后觉,2
同性恋者,1
纵横交错,1
Sedgwick,1
Ernaux,1
Brilliant,1
Friend,1
落荒而逃,1
兄弟姐妹,2
冠冕堂皇,6
独断专行,1
人际关系,7
血肉模糊,2
lgbt,1
生产关系,1
引起共鸣,7
与众不同,2
死而复生,1
不能自拔,1
如出一辙,4
不足为奇,1
活灵活现,3
网络小说,1
家破人亡,1
穷途末路,1
大江健三郎,1
亲身经历,3
朝鲜战争,4
drama,1
1987,2
写实主义,2
社会变迁,3
以小见大,2
中文翻译,1
爱不释手,3
精神分裂,3
精神状态,2
哲学体系,3
维特根斯坦,2
自强不息,2
草蛇灰线,1
附庸风雅,2
踏踏实实,1
有所作为,2
或明或暗,1
Donald,1
Trump,1
一带而过,1
两性话题,1
如临其境,1
相互交织,1
游牧民族,1
自作聪明,3
如鲠在喉,1
不大一样,1
外国游客,2
点睛之笔,1
土库曼斯坦,3
撒马尔罕,3
心驰神往,1
冰山一角,2
一厢情愿,2
驾轻就熟,1
屈尊俯就,1
orientalism,1
chinese,1
view,2
remade,1
大英帝国,1
乌兹别克斯坦,1
枯燥无味,1
一个五十岁,1
生日礼物,1
伤痕累累,4
No.1,1
一克之缺,2
一本正经,1
story,2
摇摇晃晃,1
化繁为简,1
灭绝人性,1
小打小闹,1
caveat,1
lector,1
逃避现实,1
近两年来,1
Sophie,1
Clive,1
James,1
人间天堂,1
洋洋自得,1
非同凡响,1
观点鲜明,1
幽默诙谐,1
意大利语,1
西班牙语,1
熠熠生辉,3
令人羡慕,2
望尘莫及,1
辛辣讽刺,1
形而上学,1
云里雾里,8
卷帙浩繁,2
抽丝剥茧,8
写作技巧,3
臻于极致,1
诺贝尔奖,1
解决之道,2
细腻入微,2
希区柯克,2
驾驭能力,1
三百多年,1
总有一天,2
相互影响,1
诺贝尔文学奖,5
淋漓尽致,4
2020133,1
技术改造,1
商业利益,1
死心塌地,1
恐怖分子,1
陈词滥调,6
bottom,1
面向未来,2
各司其职,1
一晃而过,2
角色扮演,1
蹑手蹑脚,1
安安静静,1
童话故事,2
吹皱一池,1
type,1
much,1
talk,1
Matrix,1
netflix,1
不可估量,2
上乘之作,2
自说自话,3
非常简单,3
男女朋友,1
不合逻辑,2
不忍卒读,1
young,1
simple,1
salute,1
盛名之下,4
其实难副,2
来去自如,1
案发现场,1
侦探小说,3
明明白白,3
cascade,1
惨无人道,1
LGBT,1
网络空间,1
Cancel,1
Culture,1
并肩作战,1
畅所欲言,2
一言以蔽之,1
政治经济学,3
豁然贯通,1
技术细节,1
难能可贵,4
配套改革,1
经济运行,1
只字不提,3
科研成果,1
因果关系,2
功能主义,2
农家子弟,1
自由民主,2
完完整整,1
水深火热,1
利用外资,1
提纲挈领,6
高度评价,2
研究成果,1
政府职能,1
参考文献,3
不拘一格,1
新闻联播,2
文件汇编,1
实事求是,3
废话连篇,2
22.05,1
21.09,1
获益匪浅,2
John,1
Julie,1
Lori,5
传奇色彩,4
新婚燕尔,1
苦心经营,1
应召女郎,1
专业知识,2
中产阶级,10
30th,1
以其昏昏,1
逻辑关系,1
推陈出新,1
哲学思想,1
疲惫不堪,1
信仰危机,1
通俗读物,3
公共政策,1
工具理性,2
这样的话,2
微不足道,4
滴水穿石,1
聚沙成塔,1
抄录下来,1
海洋学家,1
思想观念,4
心慌意乱,1
人生意义,2
积极行动,1
里程碑式,1
弥足珍贵,3
大学老师,1
功成名就,2
大材小用,1
止步不前,1
理论体系,2
朗朗上口,1
解决不了,2
令人叹服,2
Make,1
America,1
Great,1
Again,1
战斗故事,1
吵吵闹闹,1
被采访人,1
三座大山,1
脱离群众,1
经济危机,1
无依之地,1
白手起家,1
unwinding,5
always,1
wins,1
百分之九十九,1
各有特色,2
通宵达旦,1
可歌可泣,1
自上而下,3
广角镜头,1
全身而退,4
特权阶层,1
流浪生活,1
任劳任怨,2
无私奉献,1
弹冠相庆,1
鸡犬升天,1
被抛弃了,2
文笔流畅,1
个人风格,3
死无葬身之地,1
有情有义,2
一头雾水,3
言尽于此,1
敌羞吾去,1
油腔滑调,1
黑色幽默,2
寒气逼人,1
掩盖真相,1
大逆不道,1
幸福美满,1
求之不得,1
不可思议,4
心不在焉,1
信誓旦旦,1
晚景凄凉,1
戛然而止,14
紫微斗数,1
福至心灵,1
惊险刺激,1
彻彻底底,2
追踪报道,1
暗中摸索,1
FOCUS,1
激动人心,1
二道贩子,1
不负责任,2
载舟覆舟,1
追踪调查,1
丧心病狂,2
尸位素餐,1
坚持不懈,4
放高利贷,1
清清楚楚,3
深入调查,1
韩国政府,1
日本政府,1
不值一提,2
总得来说,1
多种多样,4
empowerment,1
矛盾重重,1
迎刃而解,1
感到痛苦,3
fight,2
against,2
一百多年,3
漫无边际,1
共同话题,1
20231214,1
20231216,1
年老色衰,1
同工同酬,1
千百年来,1
鸡同鸭讲,1
苦口婆心,1
三位一体,2
棋逢对手,1
缴械投降,1
三言两语,2
竭泽而渔,1
避而不答,1
人人喊打,1
咎由自取,1
胜读十年书,1
如坐春风,1
心悦诚服,1
白领阶层,1
开智之书,1
从小到大,3
2022,15
不以为然,2
政治经济,3
讳莫如深,1
受到限制,1
另当别论,1
开阔视野,1
避而不谈,1
自然科学,5
化学武器,1
南美国家,1
果不其然,1
大放厥词,2
驴唇不对马嘴,1
趋之若鹜,1
天下大同,1
真相大白,1
艰难曲折,1
趋利避害,1
法医鉴定,1
影视作品,2
从下到上,1
血泪斑斑,1
司法机关,1
一腔热血,1
万无一失,1
束手无策,1
Lilly,1
描写出来,1
遇到困难,2
蠢蠢欲动,1
无一例外,1
矫揉造作,6
轻重缓急,1
一股脑儿,1
性情大变,1
所罗门王,1
二十多年,6
千辛万苦,1
昏昏沉沉,2
完完全全,4
人格障碍,1
固若金汤,4
摇摇欲坠,1
贫穷落后,1
相当严重,1
应不应该,1
百分之五十,2
何必如此,1
百分之几,1
消极态度,1
男女平等,3
任重道远,4
大众传播,2
知之甚少,4
从根本上,1
令人费解,2
视而不见,2
尿路感染,1
公共交通,1
深入研究,2
毫无用处,3
值得一提,1
有害无益,1
女性用品,1
SMART,1
各个领域,3
区别对待,2
理解能力,1
吃人不吐骨头,1
Moment,1
尽在不言中,1
趋炎附势,1
追名逐利,1
男盗女娼,1
画地为牢,2
1900,1
失魂落魄,2
单枪匹马,1
严阵以待,1
纽约林肯中心,1
pass,3
大不相同,1
情感世界,1
穿越时空,2
高谈阔论,1
以此为荣,1
并不一定,2
比曼恩上,1
正确处理,1
道德规范,2
Girls,1
help,1
girls,1
即使如此,3
力所能及,2
并不需要,2
平等权利,1
改造社会,1
添砖加瓦,1
忽隐忽现,1
帝王将相,1
忠心耿耿,1
张力拉满,1
扑朔迷离,1
无处不在,8
循环往复,1
历史长河,4
杀鸡取卵,1
卸磨杀驴,1
換代太頻,1
盛衰荣辱,1
转瞬即逝,1
普通人家,1
角度观察,1
殊途同归,2
不文不科,1
sane,1
代代相承,1
insane,1
不好意思,2
百倍千倍,1
理性主义,5
不可知论,1
荡气回肠,4
粮食产量,1
科技进步,2
现代科学,3
哥本哈根,2
根本就是,1
一语道破,1
各种因素,1
所见所闻,2
专心一意,1
盛极而衰,1
Nerd,1
无从置喙,1
控制系统,1
遥不可及,1
亚历山大,1
论文答辩,1
每天晚上,2
精神抖擞,3
高低贵贱之分,1
各行各业,3
美国作家,1
真实可信,1
改换门庭,1
扫地出门,1
人情冷暖,2
与世无争,1
vlog,1
12.30,1
Excuse,2
即便如此,3
愿不愿意,1
难以忍受,3
标点符号,1
体验生活,3
重大意义,1
基层工作,1
嗤之以鼻,3
厚颜无耻,1
恃强凌弱,1
文艺作品,1
退一步讲,1
既然如此,1
得过且过,1
东游西荡,1
拍成电影,3
传达出来,2
真真正正,4
血缘关系,2
时代气息,1
沒什麼關,1
像模像样,1
艳若桃李,1
阳光充足,1
一无是处,3
感情生活,1
按下不表,1
擦身而过,1
千千万万,4
层见错出,1
不由分说,1
中央大学,1
百岁老人,9
大大小小,2
全部都是,2
世事变迁,2
人才辈出,1
润物无声,1
不容小视,1
流离失所,3
国破家亡,1
波澜壮阔,5
一切顺利,1
阴差阳错,1
教我如何,1
精神压力,1
恬不知耻,1
单亲家庭,1
202317,1
实话实说,2
毫不关心,1
文化差异,2
处心积虑,1
受到谴责,2
歇斯底里,3
以爱之名,1
无论如何,6
充分说明,1
2362,1
老僧入定,1
不良少年,1
小提琴家,1
生命不息,1
圣诞快乐,1
历历在目,2
播放列表,2
艺术创作,2
取之不竭,1
aqua,1
充满热情,1
敬谢不敏,1
中国台湾地区,1
不甚了解,1
大声疾呼,1
流露出来,2
早日康复,1
平心静气,1
genderXnatinalism,1
发动战争,1
woman,1
have,1
country,1
阳刚之气,1
此时此地,2
refreshing,1
互相支持,1
公民权利,1
耳目一新,5
平平静静,1
和平主义者,2
一切权利,1
彻底改变,3
洪水猛兽,3
非生产性,1
头皮发麻,3
由来已久,1
行之有效,1
不曾有过,1
被统治者,1
合理合法,1
周而复始,3
循环反复,1
冷静下来,1
federici,3
文艺复兴,1
caliban,1
sycorax,1
fiction,1
文艺创作,1
无产阶级化,1
strega,1
capitano,1
1616,1
讨论一下,1
P.310,1
全然不知,1
心狠手辣,1
重见天日,1
无法解释,1
waged,1
work,1
公共资源,1
落叶归根,1
弱德之美,1
34th,1
微乎其微,2
痛哭失声,3
放声大哭,1
默默无闻,1
客观因素,1
编辑出版,1
功不可没,1
不可否认,1
走街串巷,1
记录下来,3
见仁见智,2
touch,1
翻山越岭,1
一马平川,1
寸步难行,1
念念不忘,1
春节快乐,1
觉得很有,3
星星点点,1
means,1
维基百科,1
Google,1
2024,9
领域专家,1
2024.3,2
热泪盈眶,1
阅读障碍,2
事已至此,1
actually,1
understand,1
不复存在,3
背道而驰,1
远在天边,1
返璞归真,2
夹叙夹议,1
说不上来,2
从天而降,2
住在一起,1
平静下来,2
职业女性,2
9102,1
波澜不惊,1
小巫见大巫,1
孤芳自赏,2
三十四岁,1
无所适从,5
额手称庆,1
值得注意,2
真实世界,1
熟视无睹,1
无动于衷,1
平安无事,1
改变命运,1
荆棘丛生,1
熊熊大火,1
排列组合,1
三角函数,1
高高兴兴,1
斯德哥尔摩,2
百分之九十,1
耳熟能详,2
排斥异己,1
施以暴力,1
black,2
books,2
梦寐以求,3
11.26,1
不期而遇,1
不动声色,3
记不起来,1
多一点点,1
威格敦开,1
NASA,1
不在少数,1
生生不息,2
火冒三丈,1
精彩内容,1
小玛德琳,1
分毫不差,1
非常复杂,1
核心内容,1
出人意料,3
融会贯通,2
意大利人,1
微观世界,1
那玛德琳,1
语言学家,1
chaos,1
维持现状,2
建立联系,1
鼠目寸光,1
哺乳动物,1
不自量力,1
同一时间,1
一切都在,4
命运之神,1
怜悯之心,1
动画电影,2
烟消云散,3
英年早逝,1
受大友克洋,1
机缘巧合,2
大而无当,1
恍然若失,1
天方夜谭,1
马不停蹄,1
return,1
多如牛毛,1
不讲道理,2
堂吉诃德,2
信息时代,1
甘拜下风,1
贝迪卜多,1
一个多月,2
part1,5
emmmm,2
逢场作戏,2
汲汲营营,1
面目全非,1
ABCD,1
白雪公主,1
如此这般,3
英俊潇洒,1
美若天仙,1
一见钟情,1
深得我心,1
少年时代,1
趣味无穷,1
不由自主,4
伊比利亚,1
差不太多,1
曲折离奇,1
瑕不掩瑜,4
P665,1
深刻思想,1
桃李不言,1
下自成蹊,1
awsl,1
一环扣一环,1
乡土文学,1
灵魂深处,2
波澜起伏,1
深不见底,1
字斟句酌,1
老泪纵横,2
厚积薄发,1
一不小心,2
天清气朗,1
天花乱坠,3
语言文字,1
二者之间,1
辛辛苦苦,1
agape,1
半梦半醒,1
烦躁不安,1
难以辨认,1
面面相觑,2
物换星移,1
如痴如醉,2
不疾不徐,1
谋篇布局,3
自得其乐,1
纷纷扬扬,1
怎么回事,2
富于幻想,1
理论意义,1
马克思主义者,2
意料之中,2
闪烁其词,1
物质条件,1
Querelle,1
Brest,1
布雷斯特,1
行为不端,1
daire,1
Gilles,1
Deleuze,1
第三世界,1
斯宾诺莎,1
斯特劳斯,1
阿尔都塞,1
忽左忽右,1
城乡结合,1
切中要害,3
从何而来,1
公共厕所,1
清醒认识,1
外科手术,2
精神分析,2
父子之情,1
母子之情,1
夫妻之情,1
司空见惯,1
儿女情长,1
名副其实,2
切尔诺贝利,1
南北战争,2
如履薄冰,1
朴实无华,1
战争时代,1
关键在于,2
东方文化,2
年轻一代,1
结构主义,1
一脉相承,4
冥冥之中,1
东拼西凑,3
相对来说,1
futile,1
参差不齐,5
陆陆续续,3
民族语言,2
一去不回,2
阿尔卑斯,1
港口城市,1
耶夫斯基,2
核试验场,2
读万卷书,1
行万里路,1
黄色笑话,1
自然风景,1
裹足不前,1
指点迷津,1
Wikipedia,1
放之四海而皆准,1
Ulzhan,1
阿斯塔纳,1
吉尔吉斯,2
帕米尔高原,2
遗留下来,1
douban,2
航天飞机,1
拜科努尔,1
writer,1
travels,1
Traveler,1
writes,2
traveler,1
北大中文系,1
人物周刊,1
成吉思汗,1
丝绸之路,2
宗教建筑,1
zhengzhi,1
天时地利人和,1
庄周梦蝶,1
一塌糊涂,2
小说作品,1
无拘无束,1
特拉维夫,1
QSYB,1
part,2
妙不可言,1
情不自禁,1
呼之欲出,2
懒懒散散,1
忙里偷闲,1
一个半月,1
供求关系,1
国家计划,1
随时随地,2
5000,1
科班出身,2
不置可否,1
interesting,1
心血来潮,1
萍水相逢,1
wanna,1
fuck,1
不学无术,1
民主政体,1
不屈不挠,1
相见恨晚,3
亚历山大图书馆,1
惊魂未定,1
整篇文章,1
平平常常,1
有头没尾,1
大惊小怪,1
普遍存在,2
人生哲学,1
细看之下,1
不过如此,2
看得出来,5
呼啸山庄,3
英国文学,1
沉默不语,1
技术手段,1
破绽百出,1
体无完肤,1
神秘莫测,1
全知全能,1
隐隐约约,5
清清白白,1
味同嚼蜡,3
同类题材,1
儿童文学,1
基本前提,1
得出结论,1
循序渐进,1
真不知道,1
逻辑推理,2
十分之一,1
站不住脚,1
经不太起,1
说得过去,1
1367,1
再也不会,1
独占鳌头,1
见过世面,1
海阔天空,1
没头没尾,1
男女老少,1
言之有物,1
鞭辟入里,2
实践证明,1
你来我往,1
风吹草动,1
同归于尽,1
乡镇企业,2
一笔带过,3
变本加厉,1
4trillion,1
No.041,1
1566,1
加在一起,1
古道热肠,1
学术论文,1
比较而言,1
政府部门,1
照章办事,1
看兰小欢,1
天翻地覆,2
发展经济学,2
美好未来,1
在经济上,1
高中政治,1
赫赫有名,1
拾级而上,1
感触良多,1
初始条件,1
学术研究,4
参考资料,1
计划经济,1
银行信用,1
简洁明了,2
podcast,1
个人成长,1
动人心魄,1
四分之三,1
like,2
参考价值,1
层层叠叠,1
日积月累,1
双重身份,1
异曲同工,1
Rita,1
千丝万缕,1
焚膏继晷,1
砥身砺行,1
随波逐流,2
2021020,1
从那以后,1
业内人士,1
理论思考,1
2022.7,1
指明方向,1
2021.3,1
贴近生活,1
journalist,1
teacher,1
从头开始,2
不得要领,1
工厂倒闭,1
人物传记,2
paypal,1
工会组织,1
软弱无力,2
somebody,1
nobody,1
beat,1
boats,1
current,1
borne,1
ceaselessly,1
into,1
past,1
Peter,1
Thiel,1
身在其中,1
2050,1
不好不坏,1
东北地区,1
风口浪尖,1
能源危机,1
Obama,1
起起伏伏,2
波旁王朝,1
可口可乐,1
弃之可惜,3
时光荏苒,2
收放自如,1
滴滴答答,1
正月初一,1
文字水平,2
不伦不类,1
养尊处优,1
畅销小说,2
晚节不保,1
满汉全席,1
炉火纯青,1
引以为傲,1
光怪陆离,3
大跌眼镜,1
毫无二致,1
意气风发,4
力不从心,2
没日没夜,1
磨磨蹭蹭,1
洞察一切,1
奇形怪状,1
面对现实,1
不为人知,3
各种各样,5
潮涨潮落,1
自卑心理,1
通力合作,1
公義最終,1
Hello,1
Kitty,1
Focus,1
从头至尾,1
翻来覆去,1
慷他人之慨,1
发挥作用,1
不可或缺,2
纪实小说,1
挺身而出,2
思路清晰,2
传递信息,1
男女关系,1
真刀真枪,2
书信往来,4
大势所趋,1
不管怎么,1
抬头挺胸,1
错误行为,1
摆脱困境,1
热火朝天,1
五颜六色,2
一竿子打,1
百花齐放,1
社会舆论,1
妙语连珠,1
哈哈大笑,2
化腐朽为神奇,1
憨态可掬,1
反躬自问,1
独立自主,1
友好关系,1
天下兴亡,1
intersubjectivity,1
不容置疑,1
春秋笔法,1
民主自由,1
一叶障目,1
部落社会,1
相差无几,1
寻根问底,1
政法系统,1
冤假错案,2
事不关己,2
全盘否定,1
问心无愧,3
绳之以法,2
证据确凿,1
穷凶极恶,1
深信不疑,1
难以言表,1
五味杂陈,2
那么回事,1
姗姗来迟,1
用意何在,1
时过境迁,1
2408,1
温柔一刀,1
几十分钟,1
跃然纸上,3
察言观色,1
层峦叠嶂,2
目瞪口呆,1
文笔优美,1
running,1
欲哭无泪,1
集大成者,1
有苦难言,1
难以避免,2
沟通交流,1
对号入座,1
为人处事,1
突飞猛进,1
无孔不入,1
重中之重,1
人口总数,1
非常容易,2
舒舒服服,1
Molly,1
Cockett,1
连在一起,2
绝对真理,1
各个方面,1
条分缕析,1
社会意识,1
令人担忧,1
牢骚满腹,1
中年妇女,1
钱小华摄,1
险象环生,1
泄露天机,1
衣衫褴褛,1
power,2
平平淡淡,1
谈天说地,1
实际行动,2
不懈努力,1
毫不犹豫,1
从来如此,1
Male,1
Privilege,1
Hurts,1
Women,1
休息时间,1
非常重视,2
white,1
guilty,1
专有名词,1
采取行动,1
机关算尽,1
敬而远之,2
血雨腥风,2
卷入漩涡,2
你死我活,3
向来都是,1
少数民族,2
出家为尼,1
真真假假,1
中学物理,1
潸然泪下,2
血肉横飞,1
雷霆万钧,1
相携而行,1
独具一格,1
意味深长,2
独树一帜,2
瞬息万变,1
目之所及,1
触手可及,1
暴风骤雨,1
随随便便,3
胼手砥足,1
共同富裕,1
难以实现,1
职业生涯,1
尤利西斯,3
谈笑风生,1
真实写照,1
自由职业,1
狂人日记,1
太白金星,1
condescendingly,1
过穆齐尔,1
spot,1
lifesavingly,1
good,1
感人至深,1
父系社会,1
缝缝补补,1
histroy,1
herstory,1
平头百姓,1
侠肝义胆,1
硬着头皮,2
如此而已,2
名门望族,1
大家闺秀,2
一面之缘,1
同窗好友,1
平步青云,1
鸡零狗碎,1
beautiful,1
大名鼎鼎,2
不卑不亢,1
回忆往事,1
传奇一生,1
评头论足,1
情理之中,1
走下坡路,1
吃穿住行,1
百分之零点,1
纷至沓来,2
浑然天成,1
公之于众,1
忘乎所以,1
moleskin,1
经验丰富,1
令人气愤,1
并非如此,1
Lawrence,1
Rain,1
自由行动,1
从未见过,2
前所未有,1
施纳贝尔,1
serial,1
killer,1
haunted,1
house,1
低俗小说,1
rain,2
充满活力,1
于心不忍,1
一无所有,1
longa,5
vita,5
brevis,5
times,3
will,4
watch,1
full,1
moon,1
rise,1
精力充沛,1
memory,1
20220321,1
所剩无几,1
拖拖拉拉,3
legacy,1
lives,1
生日快乐,3
暴力犯罪,3
community,2
commons,3
自我牺牲,3
无政府主义,1
狗屁不通,1
一个二元,1
追根溯源,2
biological,1
destiny,1
欲加之罪,1
何患无辞,1
哪有什么,2
殖民统治,2
难以解决,2
从上到下,1
封建王朝,1
过渡时期,1
古往今来,1
一向如此,1
物质基础,1
循规蹈矩,1
桀骜不驯,1
国家机器,2
经济基础,1
上层建筑,1
红红绿绿,1
人到中年,3
手无寸铁,1
工业体系,1
哀哀父母,1
一抔黄土,1
伸手不见五指,3
不可磨灭,1
生存之道,1
名正言顺,1
从业人员,3
积极思考,1
生活实践,1
发生变化,1
AIGC,1
大众文化,1
沧海桑田,2
道德文章,1
吕植和景,1
纷繁复杂,3
很爱拿势,1
开诚布公,1
专业术语,1
隐隐作痛,1
信息网络,1
diaspora,1
诚惶诚恐,1
爱恨交织,1
克罗地亚,1
塞尔维亚,1
波斯尼亚,2
一团乱麻,1
expat,1
lost,2
between,1
百分之一,1
1991,1
惶惶不安,1
朝不保夕,1
从未有过,1
男尊女卑,1
社会形态,1
潜移默化,2
迟到早退,1
人言可畏,1
摩门教徒,1
三从四德,1
很多很多,3
基本常识,1
令人困惑,2
委曲求全,2
在所难免,1
驻足不前,1
合而为一,1
发家致富,1
因缘际会,2
相互理解,2
形同陌路,1
当代小说,1
flee,1
自我实现,1
2019.85,1
寻寻觅觅,1
有利可图,1
1960,2
密不透风,1
Dylan,1
Moran,1
溢美之词,1
脑力激荡,1
没听说过,1
不求甚解,1
bang,1
喃喃自语,2
唯物主义,1
理论工作者,1
名过其实,1
跳来跳去,3
穿来穿去,1
inception,1
高楼大厦,1
.......,1
Opus,2
科幻电影,1
十分想念,1
从那之后,1
融为一体,2
溜之大吉,1
莫斯基托,1
再次出现,1
沃登之父,1
recurrent,1
自由散漫,1
撒克逊人,1
1761,1
大吃一惊,1
浮想联翩,1
云山雾罩,1
波多里诺,1
神秘色彩,1
自始至终,1
希腊神话,1
苏亚雷斯,3
push,1
搬弄是非,1
俗不可耐,1
提线木偶,3
深入探讨,1
润物细无声,1
发自肺腑,1
复杂多变,1
蝇营狗苟,1
直面人生,1
再创新高,1
上个世纪,3
抗日战争,1
解放战争,1
无中生有,1
虚拟现实,1
斯布鲁克,1
穿针引线,2
明珠暗投,1
obsession,1
with,1
China,1
Figura,1
死不悔改,1
上下颠倒,1
显现出来,1
适得其反,1
自由主体,1
千篇一律,3
桃花源记,1
千与千寻,1
有所突破,1
无疾而终,1
思想觉悟,1
三六九等,2
耿耿于怀,1
自寻烦恼,1
连接起来,1
superior,1
由上而下,1
反犹主义,1
泥沙俱下,1
无能为力,2
那不勒斯,3
生搬硬套,3
学富五车,1
imposter,1
大失所望,2
关系不大,1
解决办法,1
毫无希望,3
文艺工作者,2
sense,1
落到实处,1
自然而然,5
如坐针毡,1
摇曳多姿,1
尖锐对立,1
文化部长,1
汤汤水水,1
望而却步,1
哲学应用,1
哲学理论,3
传道受业,1
文采斐然,1
倒也不是,1
切身体会,1
勇猛精进,1
从心所欲,1
rhetoric,1
平等待人,1
voting,1
communication,1
closure,1
无可替代,1
乌兹别克,1
多种语言,1
国际主义,1
总体而言,1
中亞五國,1
回味无穷,2
哈萨克斯坦,1
仔仔细细,1
十字路口,1
Edward,1
Hopper,2
night,1
hawk,1
哀而不伤,1
天涯海角,1
昨天晚上,1
一言不发,1
科幻小说,2
春光明媚,1
电子邮件,1
flag,1
心情愉快,1
marc,1
bloxh,1
borges,1
佛洛依德,1
包罗万象,3
2020.12,1
趣闻轶事,1
道貌岸然,2
不论如何,1
五光十色,1
天主教徒,3
22.3,1
空气污染,1
宗教信仰,1
批量生产,1
遮遮掩掩,2
正人君子,1
讨人喜欢,1
比较简单,1
incompetence,1
WASP,1
普照大地,1
心理过程,1
信息处理,1
落日余晖,1
深刻印象,1
91st,1
https,2
168783732,1
status,1
3213268101,1
dapp,1
太上老君,1
一席之地,1
240412,1
同声附和,1
前段时间,4
這本書口,1
妇女运动,1
性别结构,1
personal,1
political,1
女权运动,2
追根究底,1
基本原理,1
比较清楚,1
三线建设,1
招商引资,1
丝丝入扣,2
寻章摘句,1
令人不解,1
硕士学位,1
千头万绪,1
条条块块,1
top250,1
后发优势,1
尾大不掉,1
发展中国家,3
似懂非懂,2
有口皆碑,2
96.4%,1
emmm,1
置身其中,1
关系紧张,1
经济总量,1
象征意义,1
TOP250,2
大大方方,1
永远快乐,1
深远影响,1
借此机会,1
普罗米修斯,2
hold,1
现代文明,1
boss,1
个人努力,3
尘土飞扬,1
敲敲打打,1
黄金时代,1
科技人才,1
自力更生,1
军事基地,1
工业化生产,1
回光返照,1
经济社会,1
无家可归,1
国际局势,1
无可避免,1
国家图书奖,1
值得一提的是,1
为所欲为,1
不出意外,2
大洋彼岸,1
垂头丧气,1
蓝领工人,2
心脏地带,1
自由贸易,1
多米诺骨牌,1
北洋军阀,1
一往而深,1
力挽狂澜,1
亲眼目睹,1
从北向南,1
由南向北,1
大快人心,2
2.24,1
屈指可数,1
人物性格,1
不可收拾,1
精挑细选,1
8.30,1
............,1
8.31,1
阿梦共读,1
No.59,1
精雕细琢,2
咬文嚼字,1
抱有偏见,2
比金爱烂,2
2333,1
夸大其词,1
生命财产,1
无法挽回,1
2021019,1
事件真相,1
间隔时间,1
gongquanli,1
不如人意,1
死亡威胁,1
天经地义,2
毫无知觉,1
二十一岁,1
balabala,2
新冠之春,1
自由职业者,1
很感兴趣,4
天长日久,1
愤世嫉俗,2
一语中的,1
绝非易事,1
小小年纪,1
家庭妇女,1
犬儒主义,1
半壁江山,1
一言不合,1
各说各话,1
答非所问,1
创作自由,1
集体主义,2
大家风范,1
民主人士,1
2023.02,1
2024.05,1
大大增加,1
111min,1
可取之处,2
世界主义,2
游戏规则,1
正颜厉色,1
读之不耐,1
2022.5,1
takeaway,1
11.13,1
痛心疾首,1
难上加难,1
知错就改,1
善莫大焉,1
死不认错,1
不堪设想,1
捏造事实,1
第十一章,1
高高挂起,1
承认错误,1
载入史册,1
惩恶扬善,1
绝不放弃,1
crush,1
轻轻松松,1
深有同感,1
稍纵即逝,1
头重脚轻,2
虎头蛇尾,1
第三人称,1
各式各样,1
不善言辞,1
别无他法,1
不闻不问,1
万众瞩目,1
侃侃而谈,2
落落大方,1
代课老师,1
相互之间,1
良好形象,1
承担责任,1
千言万语,1
吃苦耐劳,1
Representation,1
matters,1
blows,1
mind,1
任重而道远,3
hidden,1
Figures,1
规划设计,1
医疗卫生,1
平均水平,2
特殊人群,1
清扫马路,1
大排长龙,1
时空旅行,1
万丈深渊,1
垂直起落,1
汽车轮胎,1
好勇斗狠,1
弱肉强食,1
羽翼丰满,1
中老年人,1
六七十岁,1
草草收场,1
温故知新,2
写作水平,1
大学教授,1
水漫金山,1
mansplain,1
himpathy,1
herasure,1
种族歧视,1
LGBQT,1
大声哭喊,1
gaslighting,1
天赋人权,1
听之任之,1
齐心协力,1
共同奋斗,1
医疗机构,1
一字一句,1
有惊无险,1
争权夺利,1
来来去去,2
好长时间,1
何尝不可,1
1500,1
伤天害理,1
每况愈下,1
捏着鼻子,1
生命周期,1
并肩而行,1
尊重事实,1
持之以恒,1
卡车司机,1
调查报告,1
公子哈哈,1
两袖清风,1
读穆齐尔,1
光鲜亮丽,1
收入水平,1
乐此不疲,1
酸甜苦辣,1
生活气息,1
热热闹闹,1
起起落落,1
45th,1
个人日记,1
若无其事,1
立身处世,1
实际意义,1
职业规划,1
换来换去,1
安之若泰,1
生活态度,1
性格不合,1
粗枝大叶,1
日据时代,1
长夜漫漫,1
嚎啕大哭,2
拼音文字,1
特别感谢,1
独自一人,1
feminism,1
1944,1
1984,1
退居幕后,1
悲欢离合,1
忍辱负重,2
远远近近,1
女生宿舍,1
婆媳关系,1
依依不舍,1
人人皆知,1
明目张胆,2
爱情故事,3
花开花落,1
金枝玉叶,1
生灵涂炭,1
衣冠禽兽,1
电视节目,2
寄希望于,2
一失足成千古恨,1
start,1
done,1
2024.1,1
十四五岁,1
善解人意,2
并不认为,1
高等教育,1
饮鸩止渴,1
人生如朝,1
Because,1
know,1
when,1
think,1
life,1
inexhaustible,1
well,1
everything,1
happens,1
certain,2
number,2
small,1
remember,1
afternoon,1
childhood,1
期末考试,1
五十七岁,1
感慨万千,3
尽其所能,1
精力旺盛,1
尽量避免,1
公共场合,1
ipad,2
CODA,1
令行禁止,1
互相转化,1
数不胜数,1
2023.2,1
不对称性,1
很久以前,1
兵役制度,1
主義這條,1
习惯用语,1
遍体鳞伤,2
公然反抗,1
成千成万,1
解放运动,1
国际妇女节,1
五六百年,1
必要条件,1
relate,1
热点新闻,1
基础教育,2
新旧交替,1
雪中送炭,1
网络文学,2
美中不足,1
顺藤摸瓜,1
经济损失,1
心理学家,1
热门话题,1
一劳永逸,1
如若不然,1
保护环境,1
冷酷无情,1
阿列克谢耶维奇,1
自立自强,1
好好学习,1
自私自利,1
努力奋斗,1
表达方式,1
略有不同,1
重新分配,1
太不容易,2
城乡差异,1
政治面貌,1
话锋一转,1
心惊肉跳,1
一个十七岁,1
教育体制,1
坚持真理,1
类似之处,1
Wastover,1
1986,1
传记小说,1
太多太多,1
铿锵有力,2
cult,1
boring,1
阴阳怪气,2
尖酸刻薄,2
16.5,1
绝尘而去,1
讨价还价,1
Bookshop,1
生意兴隆,1
人格魅力,1
2014.12,1
2015.1,1
精彩纷呈,2
其余部分,1
错落有致,1
有所不同,1
重新认识,2
二十厘米,1
pattern,1
摩拳擦掌,1
大放异彩,1
肆意挥霍,1
those,1
moments,1
tears,1
Time,1
meta,1
1990s,1
痛快淋漓,1
奥姆真理教,1
回到未来,1
花花肠子,2
绝色美女,1
无迹可寻,1
大百科全书,1
富丽堂皇,1
琼浆玉液,1
腰缠万贯,1
加官进爵,1
王位继承,1
初露峥嵘,1
移花接木,1
聊斋志异,1
不分彼此,1
2010,1
言过其实,1
从这一点,1
好管闲事,1
美好事物,1
荒诞不经,1
今生今世,1
庞然大物,1
情报工作,1
情报人员,1
工作人员,1
身怀绝技,1
命运多舛,1
追求幸福,1
热气腾腾,2
一小部分,1
身心愉快,1
挑拨离间,1
以身许国,1
广州白云机场,1
查亚西西,1
19121,1
奥林匹斯,1
伊斯坦布尔,1
大英百科全书,1
尼西亚公,1
共謀虛構,1
荷蘭國家,1
Flemish,1
Painting,1
hinabooklit,1
一万一千,1
徒有其表,1
通俗文学,1
心旷神怡,1
Rest,1
Noise,2
肖斯塔科维奇,1
当代文学,1
harsh,1
绣花枕头,1
胡言乱语,1
高考作文,1
老庄思想,1
太虚幻境,1
惺惺作态,1
由左向右,1
托洛茨基,1
种族问题,1
施加影响,1
井井有条,2
社会规范,1
符合实际,1
痛苦万分,1
平淡无奇,1
守望相助,1
habitus,1
cliv,1
报复性地,1
欣喜若狂,1
powerless,1
discourse,1
judge,1
长篇大论,2
985five,1
牛鬼蛇神,1
格格不入,1
mark,2
军政时期,1
经济腾飞,1
记录在案,1
一看再看,1
令人满意,1
隔壁邻居,1
人物描写,1
politicized,1
五六十年代,1
取其精华,1
寂静无声,1
努力学习,1
目标群体,1
resonating,1
insight,1
老师上课,1
一目十行,1
摸不着头脑,1
從格魯塞到,1
到羅伯特,1
Daisy,1
這本書給,1
栩栩如生,1
hiking,2
鬼使神差,1
合为一体,1
克里姆林宫,1
监视系统,1
准备就绪,1
轨道交通,1
一千五百,1
浑然不觉,1
福尔马林,1
历史潮流,1
施特劳斯,1
胡编乱造,1
Trout,1
Quintet,1
202056,1
怅然若失,2
环顾四周,1
孑然一身,1
孤身一人,2
细细品味,1
drive,1
google,1
file,1
1oOxTS3PDYVFxzt7aCaQGjjnj9G,1
gxRBu,1
sharing,1
中心思想,2
twist,1
有始有终,1
噼里啪啦,1
日落时分,1
浪漫气质,1
excuse,1
大男子主义,1
政治立场,1
霸王别姬,1
人文景观,1
孤陋寡闻,1
历史名人,1
文化名人,3
廊桥遗梦,1
short,2
cycle,1
自然环境,1
气象万千,1
突如其来,1
again,1
Chiang,1
控制不了,1
有条不紊,1
美丽动人,1
化为泡影,1
两小无猜,1
分道扬镳,1
fashion,1
未来主义,1
心服口服,1
毋庸置疑,1
发扬光大,1
Brazil,1
神秘兮兮,1
自娱自乐,1
实在是高,1
抓耳挠腮,1
别具匠心,1
作案动机,1
timing,1
充分认识,1
失之交臂,1
两极分化,1
一派胡言,1
水到渠成,1
弄巧成拙,1
斯芬克斯,1
fake,1
横冲直撞,1
蒙在鼓里,1
情绪反应,1
整体而言,1
文化背景,1
息息相关,1
既得利益,1
鼓足勇气,1
机会均等,1
反求诸己,1
太不像话,1
2407,1
得而复失,1
失而复得,1
当小书读,1
废寝忘食,1
竭尽全力,1
Trader,1
令人振奋,1
人工授精,1
云泥之别,1
巨细无遗,1
亲朋好友,1
自我安慰,1
复制粘贴,1
苏格拉底,2
关键问题,1
如影随形,1
艰深晦涩,1
plus,1
hoho,1
演职人员,1
introductions,1
2021BOOK07,1
心里有数,1
十之八九,1
轻松愉快,1
后现代主义,1
政界人士,1
一夜之间,1
新闻标题,1
阿甘正传,1
石油危机,1
魔幻现实主义,1
浩瀚无垠,1
无云之夜,1
word,1
从生到死,1
大起大落,1
大腹便便,1
眼花缭乱,1
时间推移,1
瞠目结舌,2
不惑之年,1
听不进去,1
happy,1
ending,1
轻声细语,1
余华太想,1
横刀立马,1
苦辣酸甜,1
游移不定,1
首要任务,1
两败俱伤,1
估计不足,1
言而有信,1
有勇有谋,1
林祥福带,1
人生价值,1
万马齐喑,1
守身如玉,1
行云流水,2
良莠不齐,1
波澜万丈,1
传统媒体,1
方兴未艾,1
暴力事件,2
黑恶势力,1
有如神助,1
蜂拥而至,1
自生自灭,1
公安机关,1
舍我其谁,1
炳如观火,1
肆无忌惮,1
行凶杀人,1
法制建设,1
二十二岁,1
花季少女,1
别无二致,2
自我贬低,1
鱼龙混杂,1
孺子不可,1
持续一年,1
书信来往,1
犹豫不决,1
没有勇气,1
读书笔记,2
东奔西跑,1
手足无措,1
分一杯羹,1
subaltern,1
感觉得到,1
推波助澜,1
agency,1
本来面目,1
不言自明,1
Emmeline,1
Pankhurst,1
Clara,1
Zetkin,1
偷换概念,1
完美无缺,1
一个系列,1
民主主义,1
举一反三,1
空中楼阁,1
万众一心,2
10001,1
决策程序,1
令人敬畏,1
拳拳之心,1
利害关系,1
吃力不讨好,1
刑讯逼供,1
非常感谢,2
内部人员,1
出版发行,1
心领意会,1
感情破裂,1
辞旧迎新,1
五年计划,1
宣告破产,1
笑破肚皮,1
幸灾乐祸,1
设身处地,1
Lili,1
自古以来,1
罄竹难书,1
六十多年,1
婚姻制度,1
强人所难,1
盖棺定论,1
欢呼雀跃,1
Glenn,1
百感交集,1
冷暖自知,1
十八九岁,1
风风雨雨,1
全然不同,1
gender,2
被忽略了,1
重大事件,1
坚持下去,1
不言而喻,2
奖惩制度,1
倾斜政策,1
鹅毛大雪,1
若有若无,1
撕心裂肺,2
想像出来,1
不谋而合,1
不怕困难,1
眼前一亮,2
焕然一新,1
人微言轻,1
不积跬步,1
无以至千里,1
以我为主,1
2022.43,1
特权阶级,1
有色人种,1
明哲保身,1
在历史上,2
刘贵华入,1
斗来斗去,1
主导力量,1
心心念念,1
肆意妄为,1
探求真理,1
可悲可叹,1
中篇小说,1
信马由缰,1
wiki,1
画蛇添足,1
波粒二象性,1
一目了然,1
投入产出,1
志得意满,1
不断深入,1
不骄不躁,1
拿腔拿调,1
脚踏实地,2
秋月春风,1
久病成医,1
一潭死水,1
中坚力量,1
丝丝缕缕,1
真心实意,1
不冷不热,1
漫漫长夜,2
眼泪汪汪,1
朝鲜半岛,2
春寒料峭,1
春暖花开,1
满心欢喜,1
互帮互助,1
相互支持,1
山山水水,1
国立大学,1
显赫家世,1
岁月悠悠,1
如雷贯耳,1
十年浩劫,1
咆哮山庄,1
爱好文学,1
口口声声,1
1.16,1
1.17,1
始作俑者,1
甜言蜜语,1
必不可少,1
毫无保留,1
披荆斩棘,1
美仑美奂,1
async,1
瞻前顾后,1
Nukes,1
More,1
艺术作品,1
许多许多,1
Playing,1
Piano,1
12122020,1
Monster,1
hwit,1
好多好多,1
坚持到底,1
令人生畏,1
2011,1
感到遗憾,1
矢志不渝,1
摇旗呐喊,1
并不等于,1
幡然醒悟,1
装聋作哑,1
争先恐后,1
心满意足,1
资本积累,1
奇怪的是,1
炼金术士,1
杀鸡儆猴,1
20240217,1
学无止境,1
忙前忙后,1
男女之间,1
茅塞顿开,1
想尽办法,1
迷信活动,1
原始部落,1
真情实感,1
爸爸妈妈,1
公共利益,1
人文主义者,1
机械主义,1
西方哲学,1
list,1
颠来倒去,1
学术探讨,1
措手不及,1
褒贬不一,1
欲言又止,1
耶路撒冷,1
3.16,1
萨拉热窝,1
彼世皆受,1
因人而异,1
此时此刻,1
克罗地亚语,1
塞尔维亚语,1
斯洛文尼亚语,1
